{
  "poses": {
    "pose": [
      {
        "reachPose": {
          "targetPose": {
            "x": -0.1713470071554184,
            "y": -0.642823338508606,
            "z": 0.29129156470298767,
            "thetaX": 90.14143371582031,
            "thetaY": -0.07317806035280228,
            "thetaZ": 0.5428735017776489
          },
          "constraint": {
            "speed": {
              "translation": 0,
              "orientation": 0
            }
          }
        },
        "applicationData": "{\"kinova\":{\"color\":0}}",
        "handle": {
          "identifier": 10156,
          "permission": 7,
          "actionType": 6
        },
        "name": "liquid_base_xy"
      }
    ]
  }
}
