{
  "poses": {
    "pose": [
      {
        "reachPose": {
          "targetPose": {
            "x": 0.2874523401260376,
            "y": -0.1805805116891861,
            "z": 0.04864306002855301,
            "thetaX": 89.97859954833984,
            "thetaY": 0.026514511555433273,
            "thetaZ": 0.04074685648083687
          },
          "constraint": {
            "speed": {
              "translation": 0,
              "orientation": 0
            }
          }
        },
        "applicationData": "{\"kinova\":{\"color\":0}}",
        "handle": {
          "identifier": 10158,
          "permission": 7,
          "actionType": 6
        },
        "name": "vial_tray_center_grip"
      }
    ]
  }
}