{"poses":{"pose":[{"reachPose":{"targetPose":{"x":0.14283789694309235,"y":-0.741831362247467,"z":0.18839029967784882,"thetaX":90.06989288330078,"thetaY":0.010867923498153687,"thetaZ":0.01814172975718975},"constraint":{"speed":{"translation":0,"orientation":0}}},"applicationData":"{\"kinova\":{\"color\":0}}","handle":{"identifier":10161,"permission":7,"actionType":6},"name":"shaker_center_grip_vial_height"}]}}