{
  "poses": {
    "pose": [
      {
        "reachPose": {
          "targetPose": {
            "x": 0.3005402088165283,
            "y": -0.34261634945869446,
            "z": 0.24735160171985626,
            "thetaX": -92.616943359375,
            "thetaY": -179.91940307617188,
            "thetaZ": 177.9300079345703
          },
          "constraint": {
            "speed": {
              "translation": 0.30000001192092896,
              "orientation": 0
            }
          }
        },
        "applicationData": "{\"kinova\":{\"color\":0}}",
        "handle": {
          "identifier": 10142,
          "permission": 7,
          "actionType": 6
        },
        "name": "solvent_tray_draw"
      }
    ]
  }
}